Total Accesses:,7086622
Frames,Missees,Miss Rate
1,4495517,0.634367
2,4157840,0.586717
3,3985544,0.562404
4,3853639,0.543791
5,3769430,0.531908
6,3680551,0.519366
7,3534416,0.498745
8,3291317,0.464441
9,3052627,0.430759
10,2837713,0.400432
11,2697853,0.380697
12,2598678,0.366702
13,2504523,0.353416
14,2401517,0.338880
15,2298363,0.324324
16,2205226,0.311182
17,2120172,0.299179
18,2039533,0.287800
19,1958598,0.276380
20,1879002,0.265148
21,1803423,0.254483
22,1734624,0.244774
23,1674172,0.236244
24,1622873,0.229005
25,1579792,0.222926
26,1543500,0.217805
27,1512747,0.213465
28,1486488,0.209760
29,1463988,0.206585
30,1443785,0.203734
31,1426097,0.201238
32,1410101,0.198981
33,1395448,0.196913
34,1381648,0.194966
35,1368820,0.193155
36,1356612,0.191433
37,1344720,0.189755
38,1333669,0.188195
39,1322928,0.186680
40,1312687,0.185235
41,1302707,0.183826
42,1292683,0.182412
43,1283030,0.181050
44,1273539,0.179710
45,1264198,0.178392
46,1255132,0.177113
47,1246363,0.175875
48,1237696,0.174652
49,1229239,0.173459
50,1221028,0.172300
51,1212759,0.171134
52,1204849,0.170017
53,1196914,0.168898
54,1189322,0.167826
55,1181787,0.166763
56,1174266,0.165702
57,1166870,0.164658
58,1159717,0.163649
59,1152449,0.162623
60,1145287,0.161613
61,1138329,0.160631
62,1131663,0.159690
63,1124840,0.158727
64,1118146,0.157783
65,1111616,0.156861
66,1105102,0.155942
67,1098767,0.155048
68,1092416,0.154152
69,1086162,0.153269
70,1080049,0.152407
71,1073940,0.151545
72,1067928,0.150696
73,1062064,0.149869
74,1056219,0.149044
75,1050472,0.148233
76,1044875,0.147443
77,1039305,0.146657
78,1033694,0.145866
79,1028298,0.145104
80,1023100,0.144371
81,1017790,0.143621
82,1012812,0.142919
83,1007646,0.142190
84,1002887,0.141518
85,998054,0.140836
86,993264,0.140160
87,988555,0.139496
88,983860,0.138833
89,979214,0.138178
90,974699,0.137541
91,970188,0.136904
92,965707,0.136272
93,961365,0.135659
94,957140,0.135063
95,952974,0.134475
96,948690,0.133871
97,944582,0.133291
98,940455,0.132709
99,936487,0.132149
100,932455,0.131580
101,928420,0.131010
102,924353,0.130436
103,920401,0.129879
104,916452,0.129321
105,912519,0.128766
106,908615,0.128216
107,904837,0.127682
108,901141,0.127161
109,897395,0.126632
110,893706,0.126112
111,889960,0.125583
112,886274,0.125063
113,882710,0.124560
114,879193,0.124064
115,875668,0.123566
116,872197,0.123077
117,868847,0.122604
118,865431,0.122122
119,862048,0.121644
120,858732,0.121176
121,855412,0.120708
122,852106,0.120241
123,848820,0.119778
124,845593,0.119322
125,842426,0.118876
126,839305,0.118435
127,836214,0.117999
128,833133,0.117564
129,830055,0.117130
130,827001,0.116699
131,823966,0.116271
132,820947,0.115845
133,818083,0.115440
134,815176,0.115030
135,812303,0.114625
136,809410,0.114217
137,806557,0.113814
138,803670,0.113407
139,800815,0.113004
140,798048,0.112613
141,795200,0.112211
142,792472,0.111826
143,789737,0.111441
144,786996,0.111054
145,784351,0.110681
146,781735,0.110311
147,779145,0.109946
148,776633,0.109591
149,774108,0.109235
150,771568,0.108877
151,769025,0.108518
152,766472,0.108158
153,763870,0.107790
154,761346,0.107434
155,758939,0.107095
156,756455,0.106744
157,754058,0.106406
158,751664,0.106068
159,749292,0.105733
160,746849,0.105389
161,744514,0.105059
162,742139,0.104724
163,739836,0.104399
164,737556,0.104077
165,735242,0.103751
166,733001,0.103434
167,730757,0.103118
168,728525,0.102803
169,726334,0.102494
170,724190,0.102191
171,721990,0.101881
172,719840,0.101577
173,717586,0.101259
174,715423,0.100954
175,713253,0.100648
176,711205,0.100359
177,709120,0.100065
178,707079,0.099777
179,705071,0.099493
180,703044,0.099207
181,701027,0.098923
182,698981,0.098634
183,696993,0.098353
184,694998,0.098072
185,692986,0.097788
186,691012,0.097509
187,688978,0.097222
188,687023,0.096946
189,685081,0.096672
190,683159,0.096401
191,681197,0.096124
192,679287,0.095855
193,677435,0.095593
194,675516,0.095323
195,673613,0.095054
196,671620,0.094773
197,669722,0.094505
198,667877,0.094245
199,666084,0.093992
200,664152,0.093719
201,662399,0.093472
202,660521,0.093207
203,658682,0.092947
204,656848,0.092688
205,655013,0.092430
206,653255,0.092181
207,651454,0.091927
208,649609,0.091667
209,647855,0.091419
210,646127,0.091176
211,644372,0.090928
212,642616,0.090680
213,640857,0.090432
214,639125,0.090188
215,637393,0.089943
216,635705,0.089705
217,634093,0.089477
218,632383,0.089236
219,630697,0.088998
220,629099,0.088773
221,627501,0.088547
222,625838,0.088313
223,624216,0.088084
224,622696,0.087869
225,621060,0.087638
226,619494,0.087417
227,617955,0.087200
228,616394,0.086980
229,614789,0.086753
230,613213,0.086531
231,611720,0.086320
232,610214,0.086108
233,608783,0.085906
234,607238,0.085688
235,605718,0.085473
236,604293,0.085272
237,602841,0.085067
238,601416,0.084866
239,599979,0.084664
240,598512,0.084457
241,597093,0.084256
242,595661,0.084054
243,594227,0.083852
244,592774,0.083647
245,591398,0.083453
246,589993,0.083254
247,588606,0.083059
248,587134,0.082851
249,585727,0.082652
250,584323,0.082454
251,582901,0.082254
252,581534,0.082061
253,580203,0.081873
254,578893,0.081688
255,577564,0.081501
256,576220,0.081311
257,574838,0.081116
258,573515,0.080929
259,572214,0.080746
260,570924,0.080564
261,569635,0.080382
262,568324,0.080197
263,566897,0.079995
264,565531,0.079803
265,564229,0.079619
266,562926,0.079435
267,561599,0.079248
268,560340,0.079070
269,559010,0.078882
270,557736,0.078703
271,556447,0.078521
272,555168,0.078340
273,553908,0.078162
274,552656,0.077986
275,551328,0.077798
276,549969,0.077607
277,548683,0.077425
278,547412,0.077246
279,546160,0.077069
280,544888,0.076890
281,543631,0.076712
282,542366,0.076534
283,541110,0.076357
284,539874,0.076182
285,538674,0.076013
286,537441,0.075839
287,536204,0.075664
288,534963,0.075489
289,533742,0.075317
290,532493,0.075141
291,531273,0.074968
292,530097,0.074802
293,528931,0.074638
294,527821,0.074481
295,526688,0.074321
296,525509,0.074155
297,524373,0.073995
298,523244,0.073835
299,522131,0.073678
300,521067,0.073528
301,519982,0.073375
302,518850,0.073215
303,517712,0.073055
304,516590,0.072897
305,515491,0.072741
306,514391,0.072586
307,513266,0.072427
308,512144,0.072269
309,511045,0.072114
310,509938,0.071958
311,508848,0.071804
312,507758,0.071650
313,506668,0.071496
314,505577,0.071342
315,504490,0.071189
316,503469,0.071045
317,502407,0.070895
318,501339,0.070744
319,500264,0.070593
320,499235,0.070448
321,498143,0.070293
322,497068,0.070142
323,496028,0.069995
324,495002,0.069850
325,493935,0.069700
326,492956,0.069561
327,491944,0.069419
328,490952,0.069279
329,489909,0.069132
330,488930,0.068993
331,487920,0.068851
332,486868,0.068702
333,485877,0.068563
334,484853,0.068418
335,483818,0.068272
336,482786,0.068126
337,481807,0.067988
338,480857,0.067854
339,479870,0.067715
340,478910,0.067579
341,477896,0.067436
342,476884,0.067294
343,475918,0.067157
344,474973,0.067024
345,473978,0.066883
346,472990,0.066744
347,471990,0.066603
348,470974,0.066460
349,469983,0.066320
350,469019,0.066184
351,468035,0.066045
352,467032,0.065903
353,466060,0.065766
354,465149,0.065638
355,464212,0.065505
356,463260,0.065371
357,462320,0.065238
358,461387,0.065107
359,460460,0.064976
360,459516,0.064843
361,458663,0.064722
362,457812,0.064602
363,456904,0.064474
364,456020,0.064349
365,455156,0.064227
366,454171,0.064089
367,453219,0.063954
368,452304,0.063825
369,451476,0.063708
370,450606,0.063585
371,449690,0.063456
372,448790,0.063329
373,447866,0.063199
374,446943,0.063069
375,446065,0.062945
376,445193,0.062822
377,444358,0.062704
378,443501,0.062583
379,442575,0.062452
380,441715,0.062331
381,440759,0.062196
382,439890,0.062073
383,439060,0.061956
384,438200,0.061835
385,437315,0.061710
386,436414,0.061583
387,435593,0.061467
388,434791,0.061354
389,433933,0.061233
390,433100,0.061115
391,432279,0.060999
392,431437,0.060880
393,430615,0.060764
394,429786,0.060648
395,428928,0.060526
396,428081,0.060407
397,427272,0.060293
398,426459,0.060178
399,425654,0.060064
400,424832,0.059948
401,424000,0.059831
402,423125,0.059708
403,422328,0.059595
404,421545,0.059485
405,420790,0.059378
406,419963,0.059261
407,419177,0.059150
408,418409,0.059042
409,417615,0.058930
410,416811,0.058817
411,415978,0.058699
412,415120,0.058578
413,414297,0.058462
414,413501,0.058350
415,412706,0.058237
416,411881,0.058121
417,411048,0.058003
418,410221,0.057887
419,409443,0.057777
420,408645,0.057664
421,407797,0.057545
422,407011,0.057434
423,406218,0.057322
424,405469,0.057216
425,404740,0.057113
426,403943,0.057001
427,403187,0.056894
428,402421,0.056786
429,401657,0.056678
430,400906,0.056572
431,400116,0.056461
432,399415,0.056362
433,398606,0.056248
434,397898,0.056148
435,397142,0.056041
436,396420,0.055939
437,395693,0.055837
438,394944,0.055731
439,394267,0.055635
440,393527,0.055531
441,392786,0.055426
442,392053,0.055323
443,391385,0.055229
444,390671,0.055128
445,389940,0.055025
446,389236,0.054925
447,388577,0.054832
448,387830,0.054727
449,387127,0.054628
450,386394,0.054524
451,385661,0.054421
452,384961,0.054322
453,384232,0.054219
454,383560,0.054125
455,382872,0.054027
456,382165,0.053928
457,381464,0.053829
458,380760,0.053729
459,380088,0.053635
460,379443,0.053544
461,378785,0.053451
462,378113,0.053356
463,377435,0.053260
464,376763,0.053165
465,376072,0.053068
466,375458,0.052981
467,374777,0.052885
468,374044,0.052782
469,373355,0.052684
470,372686,0.052590
471,372068,0.052503
472,371311,0.052396
473,370635,0.052301
474,369914,0.052199
475,369211,0.052100
476,368593,0.052013
477,367913,0.051917
478,367275,0.051827
479,366609,0.051733
480,365949,0.051639
481,365281,0.051545
482,364623,0.051452
483,363978,0.051361
484,363305,0.051266
485,362666,0.051176
486,361997,0.051082
487,361361,0.050992
488,360739,0.050904
489,360096,0.050813
490,359449,0.050722
491,358826,0.050634
492,358197,0.050546
493,357557,0.050455
494,356940,0.050368
495,356283,0.050275
496,355650,0.050186
497,355032,0.050099
498,354436,0.050015
499,353824,0.049928
500,353162,0.049835
501,352545,0.049748
502,351962,0.049666
503,351356,0.049580
504,350770,0.049497
505,350206,0.049418
506,349624,0.049336
507,349059,0.049256
508,348497,0.049177
509,347947,0.049099
510,347403,0.049022
511,346862,0.048946
512,346320,0.048870
513,345754,0.048790
514,345195,0.048711
515,344647,0.048633
516,344097,0.048556
517,343584,0.048483
518,343038,0.048406
519,342483,0.048328
520,341942,0.048252
521,341398,0.048175
522,340817,0.048093
523,340218,0.048008
524,339693,0.047934
525,339115,0.047853
526,338610,0.047782
527,338059,0.047704
528,337525,0.047628
529,337018,0.047557
530,336499,0.047484
531,335974,0.047410
532,335458,0.047337
533,334908,0.047259
534,334325,0.047177
535,333793,0.047102
536,333313,0.047034
537,332790,0.046960
538,332235,0.046882
539,331683,0.046804
540,331169,0.046732
541,330666,0.046661
542,330142,0.046587
543,329606,0.046511
544,329078,0.046437
545,328549,0.046362
546,327951,0.046277
547,327392,0.046199
548,326891,0.046128
549,326328,0.046048
550,325809,0.045975
551,325320,0.045906
552,324796,0.045832
553,324258,0.045756
554,323772,0.045688
555,323262,0.045616
556,322744,0.045543
557,322204,0.045467
558,321656,0.045389
559,321152,0.045318
560,320684,0.045252
561,320160,0.045178
562,319632,0.045104
563,319136,0.045034
564,318686,0.044970
565,318229,0.044906
566,317772,0.044841
567,317280,0.044772
568,316761,0.044698
569,316230,0.044624
570,315720,0.044552
571,315234,0.044483
572,314734,0.044412
573,314242,0.044343
574,313788,0.044279
575,313320,0.044213
576,312858,0.044148
577,312376,0.044080
578,311894,0.044012
579,311423,0.043945
580,310930,0.043876
581,310455,0.043809
582,309998,0.043744
583,309501,0.043674
584,309032,0.043608
585,308559,0.043541
586,308089,0.043475
587,307626,0.043409
588,307138,0.043341
589,306646,0.043271
590,306195,0.043207
591,305740,0.043143
592,305279,0.043078
593,304833,0.043015
594,304341,0.042946
595,303909,0.042885
596,303441,0.042819
597,303005,0.042757
598,302535,0.042691
599,302067,0.042625
600,301593,0.042558
601,301132,0.042493
602,300701,0.042432
603,300246,0.042368
604,299779,0.042302
605,299329,0.042239
606,298859,0.042172
607,298388,0.042106
608,297951,0.042044
609,297481,0.041978
610,297029,0.041914
611,296568,0.041849
612,296090,0.041782
613,295639,0.041718
614,295208,0.041657
615,294784,0.041597
616,294338,0.041534
617,293907,0.041473
618,293513,0.041418
619,293119,0.041362
620,292696,0.041303
621,292282,0.041244
622,291860,0.041185
623,291426,0.041123
624,290980,0.041060
625,290528,0.040997
626,290079,0.040933
627,289624,0.040869
628,289179,0.040806
629,288760,0.040747
630,288318,0.040685
631,287901,0.040626
632,287463,0.040564
633,287001,0.040499
634,286547,0.040435
635,286101,0.040372
636,285687,0.040314
637,285257,0.040253
638,284838,0.040194
639,284422,0.040135
640,283995,0.040075
641,283547,0.040012
642,283122,0.039952
643,282665,0.039887
644,282271,0.039832
645,281831,0.039769
646,281409,0.039710
647,280978,0.039649
648,280562,0.039590
649,280131,0.039530
650,279700,0.039469
651,279242,0.039404
652,278836,0.039347
653,278399,0.039285
654,277980,0.039226
655,277575,0.039169
656,277146,0.039108
657,276666,0.039041
658,276232,0.038979
659,275812,0.038920
660,275423,0.038865
661,274996,0.038805
662,274577,0.038746
663,274193,0.038692
664,273802,0.038636
665,273429,0.038584
666,273028,0.038527
667,272639,0.038472
668,272241,0.038416
669,271823,0.038357
670,271440,0.038303
671,271064,0.038250
672,270665,0.038194
673,270274,0.038139
674,269889,0.038084
675,269517,0.038032
676,269143,0.037979
677,268771,0.037927
678,268379,0.037871
679,267993,0.037817
680,267597,0.037761
681,267178,0.037702
682,266792,0.037647
683,266387,0.037590
684,266034,0.037540
685,265659,0.037487
686,265296,0.037436
687,264913,0.037382
688,264531,0.037328
689,264136,0.037272
690,263733,0.037216
691,263368,0.037164
692,262979,0.037109
693,262621,0.037059
694,262260,0.037008
695,261869,0.036953
696,261488,0.036899
697,261111,0.036846
698,260740,0.036793
699,260366,0.036740
700,260022,0.036692
701,259652,0.036640
702,259284,0.036588
703,258907,0.036535
704,258536,0.036482
705,258164,0.036430
706,257805,0.036379
707,257445,0.036328
708,257112,0.036281
709,256705,0.036224
710,256332,0.036171
711,255979,0.036121
712,255577,0.036065
713,255209,0.036013
714,254850,0.035962
715,254475,0.035909
716,254106,0.035857
717,253741,0.035806
718,253368,0.035753
719,253030,0.035705
720,252636,0.035650
721,252270,0.035598
722,251916,0.035548
723,251491,0.035488
724,251114,0.035435
725,250716,0.035379
726,250318,0.035323
727,249962,0.035272
728,249639,0.035227
729,249270,0.035175
730,248899,0.035122
731,248553,0.035074
732,248207,0.035025
733,247847,0.034974
734,247526,0.034929
735,247188,0.034881
736,246864,0.034835
737,246537,0.034789
738,246184,0.034739
739,245846,0.034692
740,245494,0.034642
741,245142,0.034592
742,244809,0.034545
743,244464,0.034497
744,244106,0.034446
745,243757,0.034397
746,243384,0.034344
747,243057,0.034298
748,242688,0.034246
749,242325,0.034195
750,241989,0.034147
751,241609,0.034094
752,241271,0.034046
753,240937,0.033999
754,240605,0.033952
755,240290,0.033908
756,239962,0.033861
757,239575,0.033807
758,239248,0.033761
759,238971,0.033721
760,238665,0.033678
761,238338,0.033632
762,238027,0.033588
763,237725,0.033546
764,237404,0.033500
765,237098,0.033457
766,236771,0.033411
767,236472,0.033369
768,236143,0.033322
769,235834,0.033279
770,235537,0.033237
771,235242,0.033195
772,234950,0.033154
773,234650,0.033112
774,234360,0.033071
775,234061,0.033029
776,233783,0.032989
777,233493,0.032948
778,233177,0.032904
779,232877,0.032861
780,232554,0.032816
781,232225,0.032769
782,231917,0.032726
783,231613,0.032683
784,231306,0.032640
785,231012,0.032598
786,230746,0.032561
787,230456,0.032520
788,230194,0.032483
789,229902,0.032442
790,229646,0.032406
791,229387,0.032369
792,229087,0.032327
793,228810,0.032288
794,228527,0.032248
795,228249,0.032208
796,227972,0.032169
797,227710,0.032132
798,227439,0.032094
799,227148,0.032053
800,226864,0.032013
801,226593,0.031975
802,226311,0.031935
803,226001,0.031891
804,225728,0.031853
805,225463,0.031815
806,225209,0.031779
807,224920,0.031739
808,224617,0.031696
809,224306,0.031652
810,224027,0.031613
811,223750,0.031574
812,223477,0.031535
813,223211,0.031498
814,222940,0.031459
815,222663,0.031420
816,222393,0.031382
817,222126,0.031344
818,221890,0.031311
819,221595,0.031269
820,221319,0.031231
821,221051,0.031193
822,220787,0.031155
823,220500,0.031115
824,220251,0.031080
825,219951,0.031037
826,219667,0.030997
827,219402,0.030960
828,219164,0.030926
829,218882,0.030887
830,218624,0.030850
831,218383,0.030816
832,218120,0.030779
833,217860,0.030742
834,217601,0.030706
835,217343,0.030669
836,217114,0.030637
837,216864,0.030602
838,216604,0.030565
839,216336,0.030527
840,216086,0.030492
841,215803,0.030452
842,215559,0.030418
843,215288,0.030379
844,215046,0.030345
845,214779,0.030308
846,214497,0.030268
847,214276,0.030237
848,213998,0.030197
849,213763,0.030164
850,213491,0.030126
851,213230,0.030089
852,212976,0.030053
853,212721,0.030017
854,212467,0.029981
855,212208,0.029945
856,211915,0.029904
857,211640,0.029865
858,211380,0.029828
859,211109,0.029790
860,210830,0.029750
861,210599,0.029718
862,210344,0.029682
863,210092,0.029646
864,209870,0.029615
865,209615,0.029579
866,209363,0.029543
867,209093,0.029505
868,208820,0.029467
869,208558,0.029430
870,208328,0.029397
871,208078,0.029362
872,207837,0.029328
873,207587,0.029293
874,207338,0.029258
875,207093,0.029223
876,206834,0.029187
877,206565,0.029149
878,206340,0.029117
879,206068,0.029078
880,205821,0.029044
881,205577,0.029009
882,205338,0.028975
883,205099,0.028942
884,204854,0.028907
885,204595,0.028871
886,204352,0.028836
887,204101,0.028801
888,203881,0.028770
889,203629,0.028734
890,203377,0.028699
891,203103,0.028660
892,202852,0.028625
893,202626,0.028593
894,202385,0.028559
895,202133,0.028523
896,201895,0.028490
897,201671,0.028458
898,201444,0.028426
899,201223,0.028395
900,201000,0.028363
901,200749,0.028328
902,200504,0.028293
903,200272,0.028261
904,200011,0.028224
905,199752,0.028187
906,199510,0.028153
907,199249,0.028116
908,198972,0.028077
909,198704,0.028039
910,198477,0.028007
911,198217,0.027971
912,197964,0.027935
913,197691,0.027896
914,197465,0.027864
915,197232,0.027832
916,197020,0.027802
917,196780,0.027768
918,196544,0.027735
919,196308,0.027701
920,196056,0.027666
921,195821,0.027632
922,195574,0.027598
923,195342,0.027565
924,195124,0.027534
925,194898,0.027502
926,194663,0.027469
927,194449,0.027439
928,194220,0.027407
929,193978,0.027372
930,193740,0.027339
931,193473,0.027301
932,193230,0.027267
933,192997,0.027234
934,192728,0.027196
935,192526,0.027168
936,192309,0.027137
937,192076,0.027104
938,191836,0.027070
939,191566,0.027032
940,191367,0.027004
941,191137,0.026972
942,190912,0.026940
943,190693,0.026909
944,190472,0.026878
945,190251,0.026847
946,190025,0.026815
947,189829,0.026787
948,189606,0.026755
949,189378,0.026723
950,189143,0.026690
951,188888,0.026654
952,188651,0.026621
953,188416,0.026588
954,188191,0.026556
955,187976,0.026525
956,187737,0.026492
957,187516,0.026461
958,187315,0.026432
959,187104,0.026402
960,186842,0.026365
961,186582,0.026329
962,186363,0.026298
963,186130,0.026265
964,185894,0.026232
965,185659,0.026199
966,185409,0.026163
967,185202,0.026134
968,184947,0.026098
969,184717,0.026066
970,184503,0.026035
971,184304,0.026007
972,184062,0.025973
973,183821,0.025939
974,183578,0.025905
975,183342,0.025872
976,183125,0.025841
977,182881,0.025807
978,182644,0.025773
979,182400,0.025739
980,182164,0.025705
981,181938,0.025673
982,181702,0.025640
983,181476,0.025608
984,181273,0.025580
985,181055,0.025549
986,180810,0.025514
987,180595,0.025484
988,180372,0.025452
989,180173,0.025424
990,179941,0.025392
991,179735,0.025363
992,179528,0.025333
993,179300,0.025301
994,179112,0.025275
995,178909,0.025246
996,178671,0.025212
997,178464,0.025183
998,178245,0.025152
999,178033,0.025122
1000,177842,0.025095
1001,177618,0.025064
1002,177399,0.025033
1003,177188,0.025003
1004,176980,0.024974
1005,176765,0.024943
1006,176565,0.024915
1007,176358,0.024886
1008,176160,0.024858
1009,175948,0.024828
1010,175734,0.024798
1011,175523,0.024768
1012,175310,0.024738
1013,175087,0.024707
1014,174870,0.024676
1015,174642,0.024644
1016,174432,0.024614
1017,174218,0.024584
1018,174007,0.024554
1019,173802,0.024525
1020,173591,0.024496
1021,173386,0.024467
1022,173188,0.024439
1023,172991,0.024411
1024,172805,0.024385
1025,172581,0.024353
1026,172399,0.024327
1027,172226,0.024303
1028,171979,0.024268
1029,171787,0.024241
1030,171566,0.024210
1031,171375,0.024183
1032,171198,0.024158
1033,171026,0.024134
1034,170823,0.024105
1035,170656,0.024081
1036,170481,0.024057
1037,170288,0.024030
1038,170126,0.024007
1039,169942,0.023981
1040,169781,0.023958
1041,169616,0.023935
1042,169435,0.023909
1043,169263,0.023885
1044,169072,0.023858
1045,168900,0.023834
1046,168737,0.023811
1047,168558,0.023785
1048,168375,0.023760
1049,168178,0.023732
1050,168017,0.023709
1051,167855,0.023686
1052,167686,0.023662
1053,167513,0.023638
1054,167340,0.023614
1055,167172,0.023590
1056,166994,0.023565
1057,166810,0.023539
1058,166642,0.023515
1059,166460,0.023489
1060,166281,0.023464
1061,166134,0.023443
1062,165981,0.023422
1063,165816,0.023398
1064,165635,0.023373
1065,165495,0.023353
1066,165314,0.023328
1067,165142,0.023303
1068,164998,0.023283
1069,164838,0.023260
1070,164677,0.023238
1071,164524,0.023216
1072,164356,0.023192
1073,164219,0.023173
1074,164034,0.023147
1075,163870,0.023124
1076,163698,0.023100
1077,163532,0.023076
1078,163374,0.023054
1079,163223,0.023033
1080,163078,0.023012
1081,162918,0.022990
1082,162768,0.022968
1083,162603,0.022945
1084,162438,0.022922
1085,162279,0.022899
1086,162106,0.022875
1087,161983,0.022858
1088,161817,0.022834
1089,161654,0.022811
1090,161501,0.022790
1091,161322,0.022764
1092,161143,0.022739
1093,160991,0.022718
1094,160809,0.022692
1095,160631,0.022667
1096,160487,0.022646
1097,160344,0.022626
1098,160190,0.022605
1099,160043,0.022584
1100,159901,0.022564
1101,159738,0.022541
1102,159584,0.022519
1103,159427,0.022497
1104,159256,0.022473
1105,159097,0.022450
1106,158951,0.022430
1107,158823,0.022412
1108,158683,0.022392
1109,158538,0.022371
1110,158395,0.022351
1111,158253,0.022331
1112,158090,0.022308
1113,157934,0.022286
1114,157799,0.022267
1115,157636,0.022244
1116,157474,0.022221
1117,157314,0.022199
1118,157161,0.022177
1119,157030,0.022159
1120,156878,0.022137
1121,156740,0.022118
1122,156591,0.022097
1123,156437,0.022075
1124,156302,0.022056
1125,156154,0.022035
1126,156028,0.022017
1127,155866,0.021994
1128,155729,0.021975
1129,155593,0.021956
1130,155438,0.021934
1131,155294,0.021914
1132,155159,0.021895
1133,155003,0.021873
1134,154847,0.021851
1135,154712,0.021832
1136,154560,0.021810
1137,154440,0.021793
1138,154295,0.021773
1139,154141,0.021751
1140,154019,0.021734
1141,153884,0.021715
1142,153747,0.021695
1143,153607,0.021676
1144,153478,0.021657
1145,153343,0.021638
1146,153214,0.021620
1147,153079,0.021601
1148,152964,0.021585
1149,152846,0.021568
1150,152718,0.021550
1151,152583,0.021531
1152,152447,0.021512
1153,152329,0.021495
1154,152210,0.021478
1155,152056,0.021457
1156,151936,0.021440
1157,151809,0.021422
1158,151666,0.021402
1159,151524,0.021382
1160,151397,0.021364
1161,151265,0.021345
1162,151155,0.021330
1163,151010,0.021309
1164,150883,0.021291
1165,150750,0.021272
1166,150612,0.021253
1167,150497,0.021237
1168,150374,0.021219
1169,150248,0.021202
1170,150113,0.021183
1171,149999,0.021167
1172,149871,0.021148
1173,149735,0.021129
1174,149606,0.021111
1175,149505,0.021097
1176,149385,0.021080
1177,149272,0.021064
1178,149135,0.021045
1179,149011,0.021027
1180,148889,0.021010
1181,148756,0.020991
1182,148603,0.020970
1183,148488,0.020953
1184,148366,0.020936
1185,148231,0.020917
1186,148071,0.020894
1187,147929,0.020874
1188,147801,0.020856
1189,147661,0.020837
1190,147519,0.020817
1191,147401,0.020800
1192,147273,0.020782
1193,147140,0.020763
1194,146995,0.020743
1195,146876,0.020726
1196,146740,0.020707
1197,146625,0.020690
1198,146503,0.020673
1199,146393,0.020658
1200,146243,0.020636
1201,146117,0.020619
1202,146001,0.020602
1203,145877,0.020585
1204,145767,0.020569
1205,145631,0.020550
1206,145524,0.020535
1207,145404,0.020518
1208,145270,0.020499
1209,145149,0.020482
1210,145029,0.020465
1211,144916,0.020449
1212,144798,0.020433
1213,144685,0.020417
1214,144562,0.020399
1215,144451,0.020384
1216,144339,0.020368
1217,144217,0.020351
1218,144103,0.020335
1219,143978,0.020317
1220,143867,0.020301
1221,143759,0.020286
1222,143614,0.020266
1223,143491,0.020248
1224,143375,0.020232
1225,143260,0.020216
1226,143138,0.020198
1227,143016,0.020181
1228,142890,0.020163
1229,142772,0.020147
1230,142643,0.020128
1231,142517,0.020111
1232,142395,0.020093
1233,142253,0.020073
1234,142135,0.020057
1235,142009,0.020039
1236,141884,0.020021
1237,141765,0.020005
1238,141636,0.019986
1239,141527,0.019971
1240,141402,0.019953
1241,141298,0.019939
1242,141184,0.019923
1243,141057,0.019905
1244,140956,0.019890
1245,140835,0.019873
1246,140719,0.019857
1247,140610,0.019842
1248,140499,0.019826
1249,140387,0.019810
1250,140259,0.019792
1251,140128,0.019774
1252,140013,0.019757
1253,139888,0.019740
1254,139762,0.019722
1255,139655,0.019707
1256,139535,0.019690
1257,139416,0.019673
1258,139300,0.019657
1259,139202,0.019643
1260,139093,0.019628
1261,138989,0.019613
1262,138883,0.019598
1263,138784,0.019584
1264,138677,0.019569
1265,138573,0.019554
1266,138452,0.019537
1267,138316,0.019518
1268,138200,0.019502
1269,138075,0.019484
1270,137975,0.019470
1271,137863,0.019454
1272,137758,0.019439
1273,137646,0.019423
1274,137516,0.019405
1275,137375,0.019385
1276,137286,0.019373
1277,137168,0.019356
1278,137059,0.019341
1279,136962,0.019327
1280,136849,0.019311
1281,136719,0.019293
1282,136598,0.019275
1283,136478,0.019259
1284,136374,0.019244
1285,136251,0.019227
1286,136141,0.019211
1287,136016,0.019193
1288,135901,0.019177
1289,135779,0.019160
1290,135665,0.019144
1291,135532,0.019125
1292,135412,0.019108
1293,135290,0.019091
1294,135163,0.019073
1295,135034,0.019055
1296,134917,0.019038
1297,134822,0.019025
1298,134705,0.019008
1299,134588,0.018992
1300,134477,0.018976
1301,134371,0.018961
1302,134266,0.018946
1303,134153,0.018930
1304,134055,0.018917
1305,133940,0.018900
1306,133828,0.018885
1307,133732,0.018871
1308,133634,0.018857
1309,133525,0.018842
1310,133425,0.018828
1311,133324,0.018813
1312,133226,0.018800
1313,133127,0.018786
1314,133022,0.018771
1315,132912,0.018755
1316,132808,0.018741
1317,132694,0.018725
1318,132593,0.018710
1319,132514,0.018699
1320,132397,0.018683
1321,132309,0.018670
1322,132235,0.018660
1323,132129,0.018645
1324,132024,0.018630
1325,131929,0.018617
1326,131818,0.018601
1327,131714,0.018586
1328,131619,0.018573
1329,131526,0.018560
1330,131442,0.018548
1331,131356,0.018536
1332,131264,0.018523
1333,131180,0.018511
1334,131099,0.018500
1335,131009,0.018487
1336,130922,0.018475
1337,130841,0.018463
1338,130752,0.018451
1339,130649,0.018436
1340,130558,0.018423
1341,130481,0.018412
1342,130384,0.018399
1343,130287,0.018385
1344,130187,0.018371
1345,130108,0.018360
1346,130017,0.018347
1347,129933,0.018335
1348,129862,0.018325
1349,129780,0.018313
1350,129698,0.018302
1351,129628,0.018292
1352,129537,0.018279
1353,129444,0.018266
1354,129365,0.018255
1355,129283,0.018243
1356,129198,0.018231
1357,129139,0.018223
1358,129067,0.018213
1359,128968,0.018199
1360,128879,0.018186
1361,128790,0.018174
1362,128699,0.018161
1363,128616,0.018149
1364,128522,0.018136
1365,128423,0.018122
1366,128330,0.018109
1367,128227,0.018094
1368,128149,0.018083
1369,128060,0.018071
1370,127954,0.018056
1371,127848,0.018041
1372,127760,0.018028
1373,127640,0.018011
1374,127549,0.017999
1375,127457,0.017986
1376,127359,0.017972
1377,127276,0.017960
1378,127184,0.017947
1379,127115,0.017937
1380,127016,0.017923
1381,126935,0.017912
1382,126843,0.017899
1383,126736,0.017884
1384,126650,0.017872
1385,126556,0.017858
1386,126467,0.017846
1387,126382,0.017834
1388,126305,0.017823
1389,126214,0.017810
1390,126129,0.017798
1391,126055,0.017788
1392,125968,0.017775
1393,125884,0.017764
1394,125793,0.017751
1395,125693,0.017737
1396,125582,0.017721
1397,125496,0.017709
1398,125408,0.017696
1399,125320,0.017684
1400,125233,0.017672
1401,125143,0.017659
1402,125069,0.017649
1403,124987,0.017637
1404,124896,0.017624
1405,124826,0.017614
1406,124720,0.017599
1407,124635,0.017587
1408,124557,0.017576
1409,124483,0.017566
1410,124402,0.017554
1411,124328,0.017544
1412,124233,0.017531
1413,124154,0.017519
1414,124056,0.017506
1415,123951,0.017491
1416,123847,0.017476
1417,123757,0.017463
1418,123669,0.017451
1419,123585,0.017439
1420,123490,0.017426
1421,123418,0.017416
1422,123351,0.017406
1423,123280,0.017396
1424,123188,0.017383
1425,123104,0.017371
1426,123012,0.017358
1427,122941,0.017348
1428,122857,0.017336
1429,122766,0.017324
1430,122676,0.017311
1431,122591,0.017299
1432,122505,0.017287
1433,122437,0.017277
1434,122339,0.017263
1435,122267,0.017253
1436,122187,0.017242
1437,122101,0.017230
1438,122017,0.017218
1439,121923,0.017205
1440,121853,0.017195
1441,121764,0.017182
1442,121689,0.017172
1443,121614,0.017161
1444,121535,0.017150
1445,121447,0.017138
1446,121362,0.017126
1447,121274,0.017113
1448,121197,0.017102
1449,121107,0.017090
1450,121025,0.017078
1451,120952,0.017068
1452,120858,0.017054
1453,120765,0.017041
1454,120677,0.017029
1455,120608,0.017019
1456,120520,0.017007
1457,120438,0.016995
1458,120357,0.016984
1459,120268,0.016971
1460,120178,0.016958
1461,120081,0.016945
1462,119992,0.016932
1463,119910,0.016921
1464,119837,0.016910
1465,119759,0.016899
1466,119669,0.016887
1467,119595,0.016876
1468,119517,0.016865
1469,119434,0.016853
1470,119364,0.016844
1471,119292,0.016833
1472,119205,0.016821
1473,119128,0.016810
1474,119035,0.016797
1475,118944,0.016784
1476,118875,0.016775
1477,118805,0.016765
1478,118722,0.016753
1479,118657,0.016744
1480,118581,0.016733
1481,118506,0.016722
1482,118421,0.016711
1483,118339,0.016699
1484,118239,0.016685
1485,118130,0.016669
1486,118043,0.016657
1487,117957,0.016645
1488,117870,0.016633
1489,117786,0.016621
1490,117703,0.016609
1491,117637,0.016600
1492,117550,0.016588
1493,117464,0.016575
1494,117383,0.016564
1495,117301,0.016552
1496,117208,0.016539
1497,117148,0.016531
1498,117066,0.016519
1499,116964,0.016505
1500,116888,0.016494
1501,116805,0.016482
1502,116743,0.016474
1503,116661,0.016462
1504,116589,0.016452
1505,116503,0.016440
1506,116424,0.016429
1507,116339,0.016417
1508,116246,0.016404
1509,116172,0.016393
1510,116087,0.016381
1511,116001,0.016369
1512,115926,0.016358
1513,115831,0.016345
1514,115762,0.016335
1515,115697,0.016326
1516,115620,0.016315
1517,115543,0.016304
1518,115471,0.016294
1519,115397,0.016284
1520,115335,0.016275
1521,115258,0.016264
1522,115170,0.016252
1523,115098,0.016242
1524,115021,0.016231
1525,114944,0.016220
1526,114879,0.016211
1527,114813,0.016201
1528,114740,0.016191
1529,114683,0.016183
1530,114597,0.016171
1531,114520,0.016160
1532,114444,0.016149
1533,114377,0.016140
1534,114303,0.016129
1535,114242,0.016121
1536,114165,0.016110
1537,114084,0.016099
1538,114008,0.016088
1539,113938,0.016078
1540,113860,0.016067
1541,113798,0.016058
1542,113725,0.016048
1543,113639,0.016036
1544,113575,0.016027
1545,113501,0.016016
1546,113417,0.016004
1547,113345,0.015994
1548,113263,0.015983
1549,113195,0.015973
1550,113116,0.015962
1551,113048,0.015952
1552,112984,0.015943
1553,112919,0.015934
1554,112841,0.015923
1555,112773,0.015914
1556,112690,0.015902
1557,112616,0.015891
1558,112537,0.015880
1559,112468,0.015870
1560,112384,0.015859
1561,112311,0.015848
1562,112228,0.015837
1563,112161,0.015827
1564,112091,0.015817
1565,112013,0.015806
1566,111925,0.015794
1567,111858,0.015784
1568,111770,0.015772
1569,111700,0.015762
1570,111621,0.015751
1571,111551,0.015741
1572,111475,0.015730
1573,111404,0.015720
1574,111327,0.015709
1575,111268,0.015701
1576,111203,0.015692
1577,111124,0.015681
1578,111055,0.015671
1579,110991,0.015662
1580,110918,0.015652
1581,110853,0.015643
1582,110784,0.015633
1583,110708,0.015622
1584,110649,0.015614
1585,110567,0.015602
1586,110489,0.015591
1587,110412,0.015580
1588,110345,0.015571
1589,110279,0.015562
1590,110210,0.015552
1591,110131,0.015541
1592,110053,0.015530
1593,109984,0.015520
1594,109913,0.015510
1595,109844,0.015500
1596,109760,0.015488
1597,109662,0.015475
1598,109583,0.015463
1599,109502,0.015452
1600,109426,0.015441
1601,109336,0.015429
1602,109260,0.015418
1603,109199,0.015409
1604,109123,0.015398
1605,109047,0.015388
1606,108958,0.015375
1607,108892,0.015366
1608,108824,0.015356
1609,108753,0.015346
1610,108662,0.015333
1611,108592,0.015324
1612,108529,0.015315
1613,108455,0.015304
1614,108391,0.015295
1615,108322,0.015285
1616,108261,0.015277
1617,108193,0.015267
1618,108124,0.015257
1619,108054,0.015248
1620,107982,0.015237
1621,107910,0.015227
1622,107837,0.015217
1623,107776,0.015208
1624,107711,0.015199
1625,107654,0.015191
1626,107591,0.015182
1627,107531,0.015174
1628,107465,0.015164
1629,107410,0.015157
1630,107353,0.015149
1631,107297,0.015141
1632,107236,0.015132
1633,107179,0.015124
1634,107111,0.015115
1635,107047,0.015106
1636,106979,0.015096
1637,106902,0.015085
1638,106835,0.015076
1639,106768,0.015066
1640,106704,0.015057
1641,106639,0.015048
1642,106559,0.015037
1643,106493,0.015027
1644,106430,0.015018
1645,106335,0.015005
1646,106271,0.014996
1647,106208,0.014987
1648,106122,0.014975
1649,106061,0.014966
1650,105992,0.014957
1651,105916,0.014946
1652,105843,0.014936
1653,105786,0.014928
1654,105716,0.014918
1655,105649,0.014908
1656,105578,0.014898
1657,105503,0.014888
1658,105420,0.014876
1659,105355,0.014867
1660,105281,0.014856
1661,105212,0.014847
1662,105148,0.014838
1663,105087,0.014829
1664,104998,0.014816
1665,104919,0.014805
1666,104844,0.014795
1667,104775,0.014785
1668,104696,0.014774
1669,104643,0.014766
1670,104573,0.014756
1671,104491,0.014745
1672,104416,0.014734
1673,104325,0.014721
1674,104265,0.014713
1675,104196,0.014703
1676,104126,0.014693
1677,104049,0.014682
1678,103968,0.014671
1679,103901,0.014662
1680,103828,0.014651
1681,103750,0.014640
1682,103679,0.014630
1683,103614,0.014621
1684,103560,0.014613
1685,103485,0.014603
1686,103420,0.014594
1687,103353,0.014584
1688,103295,0.014576
1689,103245,0.014569
1690,103175,0.014559
1691,103116,0.014551
1692,103049,0.014541
1693,102996,0.014534
1694,102943,0.014526
1695,102879,0.014517
1696,102821,0.014509
1697,102754,0.014500
1698,102687,0.014490
1699,102613,0.014480
1700,102550,0.014471
1701,102488,0.014462
1702,102419,0.014452
1703,102350,0.014443
1704,102298,0.014435
1705,102242,0.014427
1706,102167,0.014417
1707,102116,0.014410
1708,102064,0.014402
1709,102000,0.014393
1710,101941,0.014385
1711,101877,0.014376
1712,101819,0.014368
1713,101769,0.014361
1714,101716,0.014353
1715,101653,0.014344
1716,101596,0.014336
1717,101540,0.014328
1718,101477,0.014320
1719,101423,0.014312
1720,101368,0.014304
1721,101314,0.014297
1722,101248,0.014287
1723,101194,0.014280
1724,101140,0.014272
1725,101090,0.014265
1726,101031,0.014257
1727,100982,0.014250
1728,100927,0.014242
1729,100860,0.014232
1730,100807,0.014225
1731,100748,0.014217
1732,100698,0.014210
1733,100646,0.014202
1734,100596,0.014195
1735,100549,0.014189
1736,100492,0.014181
1737,100438,0.014173
1738,100384,0.014165
1739,100320,0.014156
1740,100280,0.014151
1741,100226,0.014143
1742,100177,0.014136
1743,100122,0.014128
1744,100060,0.014120
1745,99998,0.014111
1746,99943,0.014103
1747,99883,0.014095
1748,99831,0.014087
1749,99777,0.014080
1750,99720,0.014072
1751,99650,0.014062
1752,99586,0.014053
1753,99532,0.014045
1754,99484,0.014038
1755,99439,0.014032
1756,99388,0.014025
1757,99328,0.014016
1758,99281,0.014010
1759,99231,0.014003
1760,99176,0.013995
1761,99123,0.013987
1762,99073,0.013980
1763,99023,0.013973
1764,98977,0.013967
1765,98919,0.013959
1766,98874,0.013952
1767,98838,0.013947
1768,98784,0.013940
1769,98731,0.013932
1770,98684,0.013925
1771,98648,0.013920
1772,98594,0.013913
1773,98542,0.013905
1774,98491,0.013898
1775,98447,0.013892
1776,98403,0.013886
1777,98345,0.013878
1778,98291,0.013870
1779,98233,0.013862
1780,98189,0.013856
1781,98144,0.013849
1782,98100,0.013843
1783,98044,0.013835
1784,98000,0.013829
1785,97949,0.013822
1786,97885,0.013813
1787,97827,0.013804
1788,97786,0.013799
1789,97730,0.013791
1790,97663,0.013781
1791,97609,0.013774
1792,97558,0.013767
1793,97504,0.013759
1794,97463,0.013753
1795,97422,0.013747
1796,97369,0.013740
1797,97314,0.013732
1798,97269,0.013726
1799,97218,0.013719
1800,97170,0.013712
1801,97119,0.013705
1802,97067,0.013697
1803,97003,0.013688
1804,96960,0.013682
1805,96920,0.013676
1806,96870,0.013669
1807,96821,0.013663
1808,96765,0.013655
1809,96690,0.013644
1810,96642,0.013637
1811,96576,0.013628
1812,96532,0.013622
1813,96475,0.013614
1814,96424,0.013606
1815,96376,0.013600
1816,96317,0.013591
1817,96264,0.013584
1818,96210,0.013576
1819,96160,0.013569
1820,96116,0.013563
1821,96058,0.013555
1822,96010,0.013548
1823,95944,0.013539
1824,95896,0.013532
1825,95844,0.013525
1826,95792,0.013517
1827,95746,0.013511
1828,95699,0.013504
1829,95655,0.013498
1830,95609,0.013491
1831,95546,0.013483
1832,95508,0.013477
1833,95461,0.013471
1834,95412,0.013464
1835,95340,0.013454
1836,95292,0.013447
1837,95243,0.013440
1838,95196,0.013433
1839,95148,0.013426
1840,95105,0.013420
1841,95073,0.013416
1842,95019,0.013408
1843,94967,0.013401
1844,94918,0.013394
1845,94874,0.013388
1846,94813,0.013379
1847,94764,0.013372
1848,94721,0.013366
1849,94666,0.013358
1850,94622,0.013352
1851,94574,0.013345
1852,94534,0.013340
1853,94470,0.013331
1854,94424,0.013324
1855,94373,0.013317
1856,94320,0.013310
1857,94285,0.013305
1858,94230,0.013297
1859,94186,0.013291
1860,94129,0.013283
1861,94079,0.013276
1862,94022,0.013268
1863,93965,0.013259
1864,93912,0.013252
1865,93857,0.013244
1866,93812,0.013238
1867,93774,0.013233
1868,93727,0.013226
1869,93689,0.013221
1870,93644,0.013214
1871,93598,0.013208
1872,93549,0.013201
1873,93507,0.013195
1874,93466,0.013189
1875,93426,0.013183
1876,93371,0.013176
1877,93310,0.013167
1878,93258,0.013160
1879,93202,0.013152
1880,93163,0.013146
1881,93114,0.013139
1882,93059,0.013132
1883,92998,0.013123
1884,92953,0.013117
1885,92889,0.013108
1886,92836,0.013100
1887,92784,0.013093
1888,92755,0.013089
1889,92703,0.013081
1890,92661,0.013075
1891,92614,0.013069
1892,92561,0.013061
1893,92516,0.013055
1894,92472,0.013049
1895,92423,0.013042
1896,92360,0.013033
1897,92321,0.013028
1898,92280,0.013022
1899,92240,0.013016
1900,92208,0.013012
1901,92165,0.013005
1902,92116,0.012999
1903,92068,0.012992
1904,92028,0.012986
1905,91986,0.012980
1906,91957,0.012976
1907,91925,0.012972
1908,91885,0.012966
1909,91852,0.012961
1910,91807,0.012955
1911,91770,0.012950
1912,91740,0.012946
1913,91704,0.012940
1914,91665,0.012935
1915,91632,0.012930
1916,91599,0.012926
1917,91563,0.012921
1918,91516,0.012914
1919,91472,0.012908
1920,91437,0.012903
1921,91398,0.012897
1922,91349,0.012890
1923,91313,0.012885
1924,91270,0.012879
1925,91235,0.012874
1926,91203,0.012870
1927,91160,0.012864
1928,91117,0.012858
1929,91082,0.012853
1930,91045,0.012847
1931,91015,0.012843
1932,90968,0.012837
1933,90911,0.012829
1934,90867,0.012822
1935,90823,0.012816
1936,90772,0.012809
1937,90737,0.012804
1938,90706,0.012800
1939,90678,0.012796
1940,90628,0.012789
1941,90594,0.012784
1942,90553,0.012778
1943,90512,0.012772
1944,90477,0.012767
1945,90436,0.012762
1946,90401,0.012757
1947,90357,0.012750
1948,90317,0.012745
1949,90268,0.012738
1950,90234,0.012733
1951,90192,0.012727
1952,90149,0.012721
1953,90113,0.012716
1954,90076,0.012711
1955,90031,0.012704
1956,89993,0.012699
1957,89943,0.012692
1958,89900,0.012686
1959,89867,0.012681
1960,89819,0.012674
1961,89784,0.012670
1962,89745,0.012664
1963,89699,0.012658
1964,89661,0.012652
1965,89607,0.012645
1966,89553,0.012637
1967,89496,0.012629
1968,89450,0.012622
1969,89401,0.012615
1970,89368,0.012611
1971,89314,0.012603
1972,89276,0.012598
1973,89248,0.012594
1974,89211,0.012589
1975,89175,0.012584
1976,89137,0.012578
1977,89093,0.012572
1978,89052,0.012566
1979,89007,0.012560
1980,88972,0.012555
1981,88935,0.012550
1982,88902,0.012545
1983,88859,0.012539
1984,88816,0.012533
1985,88779,0.012528
1986,88739,0.012522
1987,88707,0.012518
1988,88665,0.012512
1989,88627,0.012506
1990,88584,0.012500
1991,88546,0.012495
1992,88501,0.012488
1993,88448,0.012481
1994,88412,0.012476
1995,88372,0.012470
1996,88327,0.012464
1997,88279,0.012457
1998,88241,0.012452
1999,88210,0.012447
2000,88164,0.012441
2001,88124,0.012435
2002,88083,0.012429
2003,88055,0.012426
2004,88015,0.012420
2005,87979,0.012415
2006,87953,0.012411
2007,87920,0.012406
2008,87888,0.012402
2009,87847,0.012396
2010,87810,0.012391
2011,87766,0.012385
2012,87740,0.012381
2013,87698,0.012375
2014,87665,0.012370
2015,87623,0.012365
2016,87586,0.012359
2017,87552,0.012355
2018,87519,0.012350
2019,87493,0.012346
2020,87449,0.012340
2021,87405,0.012334
2022,87372,0.012329
2023,87336,0.012324
2024,87303,0.012319
2025,87268,0.012314
2026,87237,0.012310
2027,87209,0.012306
2028,87173,0.012301
2029,87143,0.012297
2030,87113,0.012293
2031,87081,0.012288
2032,87049,0.012284
2033,87012,0.012278
2034,86980,0.012274
2035,86956,0.012270
2036,86925,0.012266
2037,86888,0.012261
2038,86848,0.012255
2039,86816,0.012251
2040,86784,0.012246
2041,86753,0.012242
2042,86727,0.012238
2043,86691,0.012233
2044,86667,0.012230
2045,86645,0.012227
2046,86610,0.012222
2047,86610,0.012222
2048,0,0.000000
